date,hour,behavior,count,datetime
2017-09-11,8,pv,1,2017-09-11 08:00:00
2017-11-06,10,pv,1,2017-11-06 10:00:00
2017-11-10,13,pv,1,2017-11-10 13:00:00
2017-11-12,6,pv,1,2017-11-12 06:00:00
2017-11-12,22,pv,1,2017-11-12 22:00:00
2017-11-13,17,pv,1,2017-11-13 17:00:00
2017-11-14,1,pv,1,2017-11-14 01:00:00
2017-11-16,2,pv,1,2017-11-16 02:00:00
2017-11-16,7,pv,1,2017-11-16 07:00:00
2017-11-17,13,pv,1,2017-11-17 13:00:00
2017-11-17,14,pv,4,2017-11-17 14:00:00
2017-11-18,9,pv,1,2017-11-18 09:00:00
2017-11-18,12,pv,1,2017-11-18 12:00:00
2017-11-18,14,pv,1,2017-11-18 14:00:00
2017-11-18,22,pv,1,2017-11-18 22:00:00
2017-11-19,1,pv,1,2017-11-19 01:00:00
2017-11-19,5,pv,1,2017-11-19 05:00:00
2017-11-19,6,pv,1,2017-11-19 06:00:00
2017-11-19,10,pv,1,2017-11-19 10:00:00
2017-11-19,17,pv,1,2017-11-19 17:00:00
2017-11-20,14,pv,1,2017-11-20 14:00:00
2017-11-21,3,pv,1,2017-11-21 03:00:00
2017-11-21,5,pv,1,2017-11-21 05:00:00
2017-11-21,8,pv,1,2017-11-21 08:00:00
2017-11-21,9,pv,1,2017-11-21 09:00:00
2017-11-21,11,pv,1,2017-11-21 11:00:00
2017-11-21,12,pv,4,2017-11-21 12:00:00
2017-11-21,13,pv,1,2017-11-21 13:00:00
2017-11-21,14,pv,1,2017-11-21 14:00:00
2017-11-21,15,pv,1,2017-11-21 15:00:00
2017-11-22,1,pv,1,2017-11-22 01:00:00
2017-11-22,8,pv,1,2017-11-22 08:00:00
2017-11-22,10,pv,2,2017-11-22 10:00:00
2017-11-22,11,pv,2,2017-11-22 11:00:00
2017-11-22,13,pv,5,2017-11-22 13:00:00
2017-11-22,15,pv,1,2017-11-22 15:00:00
2017-11-22,18,pv,2,2017-11-22 18:00:00
2017-11-22,23,pv,1,2017-11-22 23:00:00
2017-11-23,3,pv,1,2017-11-23 03:00:00
2017-11-23,4,pv,1,2017-11-23 04:00:00
2017-11-23,5,pv,8,2017-11-23 05:00:00
2017-11-23,8,pv,2,2017-11-23 08:00:00
2017-11-23,10,pv,2,2017-11-23 10:00:00
2017-11-23,12,pv,4,2017-11-23 12:00:00
2017-11-23,13,pv,5,2017-11-23 13:00:00
2017-11-23,14,pv,4,2017-11-23 14:00:00
2017-11-23,15,pv,11,2017-11-23 15:00:00
2017-11-23,17,pv,1,2017-11-23 17:00:00
2017-11-23,20,pv,1,2017-11-23 20:00:00
2017-11-23,22,pv,1,2017-11-23 22:00:00
2017-11-23,23,pv,6,2017-11-23 23:00:00
2017-11-24,0,pv,6,2017-11-24 00:00:00
2017-11-24,1,pv,2,2017-11-24 01:00:00
2017-11-24,2,pv,7,2017-11-24 02:00:00
2017-11-24,3,pv,4,2017-11-24 03:00:00
2017-11-24,4,pv,11,2017-11-24 04:00:00
2017-11-24,5,pv,10,2017-11-24 05:00:00
2017-11-24,6,pv,9,2017-11-24 06:00:00
2017-11-24,7,pv,12,2017-11-24 07:00:00
2017-11-24,8,pv,23,2017-11-24 08:00:00
2017-11-24,9,pv,16,2017-11-24 09:00:00
2017-11-24,10,pv,24,2017-11-24 10:00:00
2017-11-24,11,pv,31,2017-11-24 11:00:00
2017-11-24,12,pv,36,2017-11-24 12:00:00
2017-11-24,13,pv,53,2017-11-24 13:00:00
2017-11-24,14,pv,52,2017-11-24 14:00:00
2017-11-24,15,pv,106,2017-11-24 15:00:00
2017-11-24,16,buy,68,2017-11-24 16:00:00
2017-11-24,16,cart,171,2017-11-24 16:00:00
2017-11-24,16,fav,96,2017-11-24 16:00:00
2017-11-24,16,pv,3452,2017-11-24 16:00:00
2017-11-24,17,buy,29,2017-11-24 17:00:00
2017-11-24,17,cart,75,2017-11-24 17:00:00
2017-11-24,17,fav,49,2017-11-24 17:00:00
2017-11-24,17,pv,1588,2017-11-24 17:00:00
2017-11-24,18,buy,18,2017-11-24 18:00:00
2017-11-24,18,cart,59,2017-11-24 18:00:00
2017-11-24,18,fav,27,2017-11-24 18:00:00
2017-11-24,18,pv,766,2017-11-24 18:00:00
2017-11-24,19,buy,9,2017-11-24 19:00:00
2017-11-24,19,cart,39,2017-11-24 19:00:00
2017-11-24,19,fav,14,2017-11-24 19:00:00
2017-11-24,19,pv,617,2017-11-24 19:00:00
2017-11-24,20,buy,5,2017-11-24 20:00:00
2017-11-24,20,cart,28,2017-11-24 20:00:00
2017-11-24,20,fav,19,2017-11-24 20:00:00
2017-11-24,20,pv,429,2017-11-24 20:00:00
2017-11-24,21,buy,8,2017-11-24 21:00:00
2017-11-24,21,cart,66,2017-11-24 21:00:00
2017-11-24,21,fav,23,2017-11-24 21:00:00
2017-11-24,21,pv,645,2017-11-24 21:00:00
2017-11-24,22,buy,20,2017-11-24 22:00:00
2017-11-24,22,cart,90,2017-11-24 22:00:00
2017-11-24,22,fav,60,2017-11-24 22:00:00
2017-11-24,22,pv,1433,2017-11-24 22:00:00
2017-11-24,23,buy,40,2017-11-24 23:00:00
2017-11-24,23,cart,173,2017-11-24 23:00:00
2017-11-24,23,fav,81,2017-11-24 23:00:00
2017-11-24,23,pv,2581,2017-11-24 23:00:00
2017-11-25,0,buy,91,2017-11-25 00:00:00
2017-11-25,0,cart,195,2017-11-25 00:00:00
2017-11-25,0,fav,130,2017-11-25 00:00:00
2017-11-25,0,pv,3279,2017-11-25 00:00:00
2017-11-25,1,buy,87,2017-11-25 01:00:00
2017-11-25,1,cart,262,2017-11-25 01:00:00
2017-11-25,1,fav,121,2017-11-25 01:00:00
2017-11-25,1,pv,3900,2017-11-25 01:00:00
2017-11-25,2,buy,115,2017-11-25 02:00:00
2017-11-25,2,cart,256,2017-11-25 02:00:00
2017-11-25,2,fav,137,2017-11-25 02:00:00
2017-11-25,2,pv,4781,2017-11-25 02:00:00
2017-11-25,3,buy,127,2017-11-25 03:00:00
2017-11-25,3,cart,271,2017-11-25 03:00:00
2017-11-25,3,fav,162,2017-11-25 03:00:00
2017-11-25,3,pv,4835,2017-11-25 03:00:00
2017-11-25,4,buy,135,2017-11-25 04:00:00
2017-11-25,4,cart,230,2017-11-25 04:00:00
2017-11-25,4,fav,136,2017-11-25 04:00:00
2017-11-25,4,pv,4326,2017-11-25 04:00:00
2017-11-25,5,buy,144,2017-11-25 05:00:00
2017-11-25,5,cart,276,2017-11-25 05:00:00
2017-11-25,5,fav,140,2017-11-25 05:00:00
2017-11-25,5,pv,4781,2017-11-25 05:00:00
2017-11-25,6,buy,117,2017-11-25 06:00:00
2017-11-25,6,cart,330,2017-11-25 06:00:00
2017-11-25,6,fav,135,2017-11-25 06:00:00
2017-11-25,6,pv,5105,2017-11-25 06:00:00
2017-11-25,7,buy,116,2017-11-25 07:00:00
2017-11-25,7,cart,351,2017-11-25 07:00:00
2017-11-25,7,fav,128,2017-11-25 07:00:00
2017-11-25,7,pv,5456,2017-11-25 07:00:00
2017-11-25,8,buy,130,2017-11-25 08:00:00
2017-11-25,8,cart,337,2017-11-25 08:00:00
2017-11-25,8,fav,143,2017-11-25 08:00:00
2017-11-25,8,pv,5245,2017-11-25 08:00:00
2017-11-25,9,buy,99,2017-11-25 09:00:00
2017-11-25,9,cart,327,2017-11-25 09:00:00
2017-11-25,9,fav,127,2017-11-25 09:00:00
2017-11-25,9,pv,4777,2017-11-25 09:00:00
2017-11-25,10,buy,94,2017-11-25 10:00:00
2017-11-25,10,cart,268,2017-11-25 10:00:00
2017-11-25,10,fav,143,2017-11-25 10:00:00
2017-11-25,10,pv,5040,2017-11-25 10:00:00
2017-11-25,11,buy,119,2017-11-25 11:00:00
2017-11-25,11,cart,380,2017-11-25 11:00:00
2017-11-25,11,fav,150,2017-11-25 11:00:00
2017-11-25,11,pv,6458,2017-11-25 11:00:00
2017-11-25,12,buy,145,2017-11-25 12:00:00
2017-11-25,12,cart,460,2017-11-25 12:00:00
2017-11-25,12,fav,191,2017-11-25 12:00:00
2017-11-25,12,pv,7938,2017-11-25 12:00:00
2017-11-25,13,buy,155,2017-11-25 13:00:00
2017-11-25,13,cart,525,2017-11-25 13:00:00
2017-11-25,13,fav,264,2017-11-25 13:00:00
2017-11-25,13,pv,8055,2017-11-25 13:00:00
2017-11-25,14,buy,142,2017-11-25 14:00:00
2017-11-25,14,cart,526,2017-11-25 14:00:00
2017-11-25,14,fav,262,2017-11-25 14:00:00
2017-11-25,14,pv,7848,2017-11-25 14:00:00
2017-11-25,15,buy,97,2017-11-25 15:00:00
2017-11-25,15,cart,424,2017-11-25 15:00:00
2017-11-25,15,fav,177,2017-11-25 15:00:00
2017-11-25,15,pv,6469,2017-11-25 15:00:00
2017-11-25,16,buy,60,2017-11-25 16:00:00
2017-11-25,16,cart,167,2017-11-25 16:00:00
2017-11-25,16,fav,147,2017-11-25 16:00:00
2017-11-25,16,pv,4005,2017-11-25 16:00:00
2017-11-25,17,buy,16,2017-11-25 17:00:00
2017-11-25,17,cart,81,2017-11-25 17:00:00
2017-11-25,17,fav,63,2017-11-25 17:00:00
2017-11-25,17,pv,1716,2017-11-25 17:00:00
2017-11-25,18,buy,14,2017-11-25 18:00:00
2017-11-25,18,cart,65,2017-11-25 18:00:00
2017-11-25,18,fav,43,2017-11-25 18:00:00
2017-11-25,18,pv,843,2017-11-25 18:00:00
2017-11-25,19,buy,6,2017-11-25 19:00:00
2017-11-25,19,cart,41,2017-11-25 19:00:00
2017-11-25,19,fav,7,2017-11-25 19:00:00
2017-11-25,19,pv,548,2017-11-25 19:00:00
2017-11-25,20,buy,7,2017-11-25 20:00:00
2017-11-25,20,cart,31,2017-11-25 20:00:00
2017-11-25,20,fav,17,2017-11-25 20:00:00
2017-11-25,20,pv,496,2017-11-25 20:00:00
2017-11-25,21,buy,9,2017-11-25 21:00:00
2017-11-25,21,cart,30,2017-11-25 21:00:00
2017-11-25,21,fav,33,2017-11-25 21:00:00
2017-11-25,21,pv,715,2017-11-25 21:00:00
2017-11-25,22,buy,13,2017-11-25 22:00:00
2017-11-25,22,cart,88,2017-11-25 22:00:00
2017-11-25,22,fav,36,2017-11-25 22:00:00
2017-11-25,22,pv,1322,2017-11-25 22:00:00
2017-11-25,23,buy,34,2017-11-25 23:00:00
2017-11-25,23,cart,190,2017-11-25 23:00:00
2017-11-25,23,fav,93,2017-11-25 23:00:00
2017-11-25,23,pv,2721,2017-11-25 23:00:00
2017-11-26,0,buy,74,2017-11-26 00:00:00
2017-11-26,0,cart,234,2017-11-26 00:00:00
2017-11-26,0,fav,98,2017-11-26 00:00:00
2017-11-26,0,pv,3487,2017-11-26 00:00:00
2017-11-26,1,buy,88,2017-11-26 01:00:00
2017-11-26,1,cart,284,2017-11-26 01:00:00
2017-11-26,1,fav,152,2017-11-26 01:00:00
2017-11-26,1,pv,4405,2017-11-26 01:00:00
2017-11-26,2,buy,158,2017-11-26 02:00:00
2017-11-26,2,cart,303,2017-11-26 02:00:00
2017-11-26,2,fav,208,2017-11-26 02:00:00
2017-11-26,2,pv,5244,2017-11-26 02:00:00
2017-11-26,3,buy,123,2017-11-26 03:00:00
2017-11-26,3,cart,302,2017-11-26 03:00:00
2017-11-26,3,fav,180,2017-11-26 03:00:00
2017-11-26,3,pv,5093,2017-11-26 03:00:00
2017-11-26,4,buy,107,2017-11-26 04:00:00
2017-11-26,4,cart,296,2017-11-26 04:00:00
2017-11-26,4,fav,138,2017-11-26 04:00:00
2017-11-26,4,pv,4405,2017-11-26 04:00:00
2017-11-26,5,buy,127,2017-11-26 05:00:00
2017-11-26,5,cart,260,2017-11-26 05:00:00
2017-11-26,5,fav,175,2017-11-26 05:00:00
2017-11-26,5,pv,4974,2017-11-26 05:00:00
2017-11-26,6,buy,123,2017-11-26 06:00:00
2017-11-26,6,cart,284,2017-11-26 06:00:00
2017-11-26,6,fav,130,2017-11-26 06:00:00
2017-11-26,6,pv,5068,2017-11-26 06:00:00
2017-11-26,7,buy,160,2017-11-26 07:00:00
2017-11-26,7,cart,286,2017-11-26 07:00:00
2017-11-26,7,fav,152,2017-11-26 07:00:00
2017-11-26,7,pv,5115,2017-11-26 07:00:00
2017-11-26,8,buy,140,2017-11-26 08:00:00
2017-11-26,8,cart,326,2017-11-26 08:00:00
2017-11-26,8,fav,160,2017-11-26 08:00:00
2017-11-26,8,pv,5087,2017-11-26 08:00:00
2017-11-26,9,buy,117,2017-11-26 09:00:00
2017-11-26,9,cart,296,2017-11-26 09:00:00
2017-11-26,9,fav,133,2017-11-26 09:00:00
2017-11-26,9,pv,4867,2017-11-26 09:00:00
2017-11-26,10,buy,94,2017-11-26 10:00:00
2017-11-26,10,cart,261,2017-11-26 10:00:00
2017-11-26,10,fav,151,2017-11-26 10:00:00
2017-11-26,10,pv,5341,2017-11-26 10:00:00
2017-11-26,11,buy,128,2017-11-26 11:00:00
2017-11-26,11,cart,340,2017-11-26 11:00:00
2017-11-26,11,fav,167,2017-11-26 11:00:00
2017-11-26,11,pv,6409,2017-11-26 11:00:00
2017-11-26,12,buy,157,2017-11-26 12:00:00
2017-11-26,12,cart,437,2017-11-26 12:00:00
2017-11-26,12,fav,204,2017-11-26 12:00:00
2017-11-26,12,pv,7091,2017-11-26 12:00:00
2017-11-26,13,buy,139,2017-11-26 13:00:00
2017-11-26,13,cart,541,2017-11-26 13:00:00
2017-11-26,13,fav,285,2017-11-26 13:00:00
2017-11-26,13,pv,8277,2017-11-26 13:00:00
2017-11-26,14,buy,131,2017-11-26 14:00:00
2017-11-26,14,cart,530,2017-11-26 14:00:00
2017-11-26,14,fav,245,2017-11-26 14:00:00
2017-11-26,14,pv,8305,2017-11-26 14:00:00
2017-11-26,15,buy,116,2017-11-26 15:00:00
2017-11-26,15,cart,458,2017-11-26 15:00:00
2017-11-26,15,fav,254,2017-11-26 15:00:00
2017-11-26,15,pv,6186,2017-11-26 15:00:00
2017-11-26,16,buy,113,2017-11-26 16:00:00
2017-11-26,16,cart,208,2017-11-26 16:00:00
2017-11-26,16,fav,93,2017-11-26 16:00:00
2017-11-26,16,pv,3192,2017-11-26 16:00:00
2017-11-26,17,buy,38,2017-11-26 17:00:00
2017-11-26,17,cart,120,2017-11-26 17:00:00
2017-11-26,17,fav,42,2017-11-26 17:00:00
2017-11-26,17,pv,1460,2017-11-26 17:00:00
2017-11-26,18,buy,7,2017-11-26 18:00:00
2017-11-26,18,cart,55,2017-11-26 18:00:00
2017-11-26,18,fav,25,2017-11-26 18:00:00
2017-11-26,18,pv,883,2017-11-26 18:00:00
2017-11-26,19,buy,8,2017-11-26 19:00:00
2017-11-26,19,cart,36,2017-11-26 19:00:00
2017-11-26,19,fav,31,2017-11-26 19:00:00
2017-11-26,19,pv,520,2017-11-26 19:00:00
2017-11-26,20,buy,14,2017-11-26 20:00:00
2017-11-26,20,cart,17,2017-11-26 20:00:00
2017-11-26,20,fav,12,2017-11-26 20:00:00
2017-11-26,20,pv,518,2017-11-26 20:00:00
2017-11-26,21,buy,6,2017-11-26 21:00:00
2017-11-26,21,cart,28,2017-11-26 21:00:00
2017-11-26,21,fav,15,2017-11-26 21:00:00
2017-11-26,21,pv,695,2017-11-26 21:00:00
2017-11-26,22,buy,33,2017-11-26 22:00:00
2017-11-26,22,cart,110,2017-11-26 22:00:00
2017-11-26,22,fav,60,2017-11-26 22:00:00
2017-11-26,22,pv,1309,2017-11-26 22:00:00
2017-11-26,23,buy,55,2017-11-26 23:00:00
2017-11-26,23,cart,152,2017-11-26 23:00:00
2017-11-26,23,fav,99,2017-11-26 23:00:00
2017-11-26,23,pv,2270,2017-11-26 23:00:00
2017-11-27,0,buy,84,2017-11-27 00:00:00
2017-11-27,0,cart,178,2017-11-27 00:00:00
2017-11-27,0,fav,81,2017-11-27 00:00:00
2017-11-27,0,pv,2834,2017-11-27 00:00:00
2017-11-27,1,buy,104,2017-11-27 01:00:00
2017-11-27,1,cart,225,2017-11-27 01:00:00
2017-11-27,1,fav,150,2017-11-27 01:00:00
2017-11-27,1,pv,3979,2017-11-27 01:00:00
2017-11-27,2,buy,126,2017-11-27 02:00:00
2017-11-27,2,cart,288,2017-11-27 02:00:00
2017-11-27,2,fav,136,2017-11-27 02:00:00
2017-11-27,2,pv,4620,2017-11-27 02:00:00
2017-11-27,3,buy,141,2017-11-27 03:00:00
2017-11-27,3,cart,266,2017-11-27 03:00:00
2017-11-27,3,fav,165,2017-11-27 03:00:00
2017-11-27,3,pv,4455,2017-11-27 03:00:00
2017-11-27,4,buy,128,2017-11-27 04:00:00
2017-11-27,4,cart,260,2017-11-27 04:00:00
2017-11-27,4,fav,167,2017-11-27 04:00:00
2017-11-27,4,pv,4896,2017-11-27 04:00:00
2017-11-27,5,buy,168,2017-11-27 05:00:00
2017-11-27,5,cart,313,2017-11-27 05:00:00
2017-11-27,5,fav,195,2017-11-27 05:00:00
2017-11-27,5,pv,5194,2017-11-27 05:00:00
2017-11-27,6,buy,132,2017-11-27 06:00:00
2017-11-27,6,cart,280,2017-11-27 06:00:00
2017-11-27,6,fav,171,2017-11-27 06:00:00
2017-11-27,6,pv,4795,2017-11-27 06:00:00
2017-11-27,7,buy,147,2017-11-27 07:00:00
2017-11-27,7,cart,248,2017-11-27 07:00:00
2017-11-27,7,fav,156,2017-11-27 07:00:00
2017-11-27,7,pv,5080,2017-11-27 07:00:00
2017-11-27,8,buy,133,2017-11-27 08:00:00
2017-11-27,8,cart,232,2017-11-27 08:00:00
2017-11-27,8,fav,139,2017-11-27 08:00:00
2017-11-27,8,pv,4416,2017-11-27 08:00:00
2017-11-27,9,buy,110,2017-11-27 09:00:00
2017-11-27,9,cart,287,2017-11-27 09:00:00
2017-11-27,9,fav,149,2017-11-27 09:00:00
2017-11-27,9,pv,4100,2017-11-27 09:00:00
2017-11-27,10,buy,102,2017-11-27 10:00:00
2017-11-27,10,cart,271,2017-11-27 10:00:00
2017-11-27,10,fav,154,2017-11-27 10:00:00
2017-11-27,10,pv,4119,2017-11-27 10:00:00
2017-11-27,11,buy,118,2017-11-27 11:00:00
2017-11-27,11,cart,314,2017-11-27 11:00:00
2017-11-27,11,fav,166,2017-11-27 11:00:00
2017-11-27,11,pv,5757,2017-11-27 11:00:00
2017-11-27,12,buy,165,2017-11-27 12:00:00
2017-11-27,12,cart,444,2017-11-27 12:00:00
2017-11-27,12,fav,182,2017-11-27 12:00:00
2017-11-27,12,pv,6918,2017-11-27 12:00:00
2017-11-27,13,buy,164,2017-11-27 13:00:00
2017-11-27,13,cart,472,2017-11-27 13:00:00
2017-11-27,13,fav,223,2017-11-27 13:00:00
2017-11-27,13,pv,7575,2017-11-27 13:00:00
2017-11-27,14,buy,165,2017-11-27 14:00:00
2017-11-27,14,cart,506,2017-11-27 14:00:00
2017-11-27,14,fav,205,2017-11-27 14:00:00
2017-11-27,14,pv,7636,2017-11-27 14:00:00
2017-11-27,15,buy,104,2017-11-27 15:00:00
2017-11-27,15,cart,453,2017-11-27 15:00:00
2017-11-27,15,fav,180,2017-11-27 15:00:00
2017-11-27,15,pv,5495,2017-11-27 15:00:00
2017-11-27,16,buy,50,2017-11-27 16:00:00
2017-11-27,16,cart,191,2017-11-27 16:00:00
2017-11-27,16,fav,71,2017-11-27 16:00:00
2017-11-27,16,pv,2906,2017-11-27 16:00:00
2017-11-27,17,buy,39,2017-11-27 17:00:00
2017-11-27,17,cart,68,2017-11-27 17:00:00
2017-11-27,17,fav,46,2017-11-27 17:00:00
2017-11-27,17,pv,1377,2017-11-27 17:00:00
2017-11-27,18,buy,27,2017-11-27 18:00:00
2017-11-27,18,cart,39,2017-11-27 18:00:00
2017-11-27,18,fav,30,2017-11-27 18:00:00
2017-11-27,18,pv,894,2017-11-27 18:00:00
2017-11-27,19,buy,7,2017-11-27 19:00:00
2017-11-27,19,cart,28,2017-11-27 19:00:00
2017-11-27,19,fav,19,2017-11-27 19:00:00
2017-11-27,19,pv,555,2017-11-27 19:00:00
2017-11-27,20,buy,23,2017-11-27 20:00:00
2017-11-27,20,cart,39,2017-11-27 20:00:00
2017-11-27,20,fav,15,2017-11-27 20:00:00
2017-11-27,20,pv,718,2017-11-27 20:00:00
2017-11-27,21,buy,11,2017-11-27 21:00:00
2017-11-27,21,cart,37,2017-11-27 21:00:00
2017-11-27,21,fav,11,2017-11-27 21:00:00
2017-11-27,21,pv,587,2017-11-27 21:00:00
2017-11-27,22,buy,18,2017-11-27 22:00:00
2017-11-27,22,cart,107,2017-11-27 22:00:00
2017-11-27,22,fav,70,2017-11-27 22:00:00
2017-11-27,22,pv,1412,2017-11-27 22:00:00
2017-11-27,23,buy,48,2017-11-27 23:00:00
2017-11-27,23,cart,140,2017-11-27 23:00:00
2017-11-27,23,fav,78,2017-11-27 23:00:00
2017-11-27,23,pv,2194,2017-11-27 23:00:00
2017-11-28,0,buy,71,2017-11-28 00:00:00
2017-11-28,0,cart,165,2017-11-28 00:00:00
2017-11-28,0,fav,132,2017-11-28 00:00:00
2017-11-28,0,pv,3395,2017-11-28 00:00:00
2017-11-28,1,buy,91,2017-11-28 01:00:00
2017-11-28,1,cart,249,2017-11-28 01:00:00
2017-11-28,1,fav,108,2017-11-28 01:00:00
2017-11-28,1,pv,4085,2017-11-28 01:00:00
2017-11-28,2,buy,141,2017-11-28 02:00:00
2017-11-28,2,cart,294,2017-11-28 02:00:00
2017-11-28,2,fav,147,2017-11-28 02:00:00
2017-11-28,2,pv,4864,2017-11-28 02:00:00
2017-11-28,3,buy,146,2017-11-28 03:00:00
2017-11-28,3,cart,300,2017-11-28 03:00:00
2017-11-28,3,fav,131,2017-11-28 03:00:00
2017-11-28,3,pv,4355,2017-11-28 03:00:00
2017-11-28,4,buy,156,2017-11-28 04:00:00
2017-11-28,4,cart,308,2017-11-28 04:00:00
2017-11-28,4,fav,146,2017-11-28 04:00:00
2017-11-28,4,pv,4133,2017-11-28 04:00:00
2017-11-28,5,buy,161,2017-11-28 05:00:00
2017-11-28,5,cart,280,2017-11-28 05:00:00
2017-11-28,5,fav,125,2017-11-28 05:00:00
2017-11-28,5,pv,5119,2017-11-28 05:00:00
2017-11-28,6,buy,131,2017-11-28 06:00:00
2017-11-28,6,cart,294,2017-11-28 06:00:00
2017-11-28,6,fav,124,2017-11-28 06:00:00
2017-11-28,6,pv,5141,2017-11-28 06:00:00
2017-11-28,7,buy,144,2017-11-28 07:00:00
2017-11-28,7,cart,308,2017-11-28 07:00:00
2017-11-28,7,fav,137,2017-11-28 07:00:00
2017-11-28,7,pv,5032,2017-11-28 07:00:00
2017-11-28,8,buy,159,2017-11-28 08:00:00
2017-11-28,8,cart,300,2017-11-28 08:00:00
2017-11-28,8,fav,162,2017-11-28 08:00:00
2017-11-28,8,pv,4835,2017-11-28 08:00:00
2017-11-28,9,buy,121,2017-11-28 09:00:00
2017-11-28,9,cart,289,2017-11-28 09:00:00
2017-11-28,9,fav,175,2017-11-28 09:00:00
2017-11-28,9,pv,4513,2017-11-28 09:00:00
2017-11-28,10,buy,86,2017-11-28 10:00:00
2017-11-28,10,cart,220,2017-11-28 10:00:00
2017-11-28,10,fav,108,2017-11-28 10:00:00
2017-11-28,10,pv,4038,2017-11-28 10:00:00
2017-11-28,11,buy,139,2017-11-28 11:00:00
2017-11-28,11,cart,320,2017-11-28 11:00:00
2017-11-28,11,fav,157,2017-11-28 11:00:00
2017-11-28,11,pv,5598,2017-11-28 11:00:00
2017-11-28,12,buy,162,2017-11-28 12:00:00
2017-11-28,12,cart,399,2017-11-28 12:00:00
2017-11-28,12,fav,246,2017-11-28 12:00:00
2017-11-28,12,pv,7031,2017-11-28 12:00:00
2017-11-28,13,buy,157,2017-11-28 13:00:00
2017-11-28,13,cart,525,2017-11-28 13:00:00
2017-11-28,13,fav,217,2017-11-28 13:00:00
2017-11-28,13,pv,7987,2017-11-28 13:00:00
2017-11-28,14,buy,148,2017-11-28 14:00:00
2017-11-28,14,cart,545,2017-11-28 14:00:00
2017-11-28,14,fav,230,2017-11-28 14:00:00
2017-11-28,14,pv,7975,2017-11-28 14:00:00
2017-11-28,15,buy,105,2017-11-28 15:00:00
2017-11-28,15,cart,417,2017-11-28 15:00:00
2017-11-28,15,fav,208,2017-11-28 15:00:00
2017-11-28,15,pv,5569,2017-11-28 15:00:00
2017-11-28,16,buy,69,2017-11-28 16:00:00
2017-11-28,16,cart,176,2017-11-28 16:00:00
2017-11-28,16,fav,131,2017-11-28 16:00:00
2017-11-28,16,pv,2881,2017-11-28 16:00:00
2017-11-28,17,buy,21,2017-11-28 17:00:00
2017-11-28,17,cart,58,2017-11-28 17:00:00
2017-11-28,17,fav,35,2017-11-28 17:00:00
2017-11-28,17,pv,1099,2017-11-28 17:00:00
2017-11-28,18,buy,7,2017-11-28 18:00:00
2017-11-28,18,cart,57,2017-11-28 18:00:00
2017-11-28,18,fav,38,2017-11-28 18:00:00
2017-11-28,18,pv,699,2017-11-28 18:00:00
2017-11-28,19,buy,8,2017-11-28 19:00:00
2017-11-28,19,cart,49,2017-11-28 19:00:00
2017-11-28,19,fav,32,2017-11-28 19:00:00
2017-11-28,19,pv,772,2017-11-28 19:00:00
2017-11-28,20,buy,15,2017-11-28 20:00:00
2017-11-28,20,cart,28,2017-11-28 20:00:00
2017-11-28,20,fav,30,2017-11-28 20:00:00
2017-11-28,20,pv,652,2017-11-28 20:00:00
2017-11-28,21,buy,9,2017-11-28 21:00:00
2017-11-28,21,cart,43,2017-11-28 21:00:00
2017-11-28,21,fav,26,2017-11-28 21:00:00
2017-11-28,21,pv,687,2017-11-28 21:00:00
2017-11-28,22,buy,12,2017-11-28 22:00:00
2017-11-28,22,cart,110,2017-11-28 22:00:00
2017-11-28,22,fav,79,2017-11-28 22:00:00
2017-11-28,22,pv,1607,2017-11-28 22:00:00
2017-11-28,23,buy,50,2017-11-28 23:00:00
2017-11-28,23,cart,157,2017-11-28 23:00:00
2017-11-28,23,fav,67,2017-11-28 23:00:00
2017-11-28,23,pv,2721,2017-11-28 23:00:00
2017-11-29,0,buy,71,2017-11-29 00:00:00
2017-11-29,0,cart,201,2017-11-29 00:00:00
2017-11-29,0,fav,88,2017-11-29 00:00:00
2017-11-29,0,pv,3473,2017-11-29 00:00:00
2017-11-29,1,buy,135,2017-11-29 01:00:00
2017-11-29,1,cart,238,2017-11-29 01:00:00
2017-11-29,1,fav,153,2017-11-29 01:00:00
2017-11-29,1,pv,4367,2017-11-29 01:00:00
2017-11-29,2,buy,131,2017-11-29 02:00:00
2017-11-29,2,cart,301,2017-11-29 02:00:00
2017-11-29,2,fav,186,2017-11-29 02:00:00
2017-11-29,2,pv,4817,2017-11-29 02:00:00
2017-11-29,3,buy,159,2017-11-29 03:00:00
2017-11-29,3,cart,277,2017-11-29 03:00:00
2017-11-29,3,fav,143,2017-11-29 03:00:00
2017-11-29,3,pv,4446,2017-11-29 03:00:00
2017-11-29,4,buy,191,2017-11-29 04:00:00
2017-11-29,4,cart,314,2017-11-29 04:00:00
2017-11-29,4,fav,170,2017-11-29 04:00:00
2017-11-29,4,pv,5146,2017-11-29 04:00:00
2017-11-29,5,buy,167,2017-11-29 05:00:00
2017-11-29,5,cart,314,2017-11-29 05:00:00
2017-11-29,5,fav,165,2017-11-29 05:00:00
2017-11-29,5,pv,5317,2017-11-29 05:00:00
2017-11-29,6,buy,141,2017-11-29 06:00:00
2017-11-29,6,cart,292,2017-11-29 06:00:00
2017-11-29,6,fav,149,2017-11-29 06:00:00
2017-11-29,6,pv,5254,2017-11-29 06:00:00
2017-11-29,7,buy,163,2017-11-29 07:00:00
2017-11-29,7,cart,341,2017-11-29 07:00:00
2017-11-29,7,fav,169,2017-11-29 07:00:00
2017-11-29,7,pv,5107,2017-11-29 07:00:00
2017-11-29,8,buy,149,2017-11-29 08:00:00
2017-11-29,8,cart,331,2017-11-29 08:00:00
2017-11-29,8,fav,190,2017-11-29 08:00:00
2017-11-29,8,pv,5243,2017-11-29 08:00:00
2017-11-29,9,buy,123,2017-11-29 09:00:00
2017-11-29,9,cart,221,2017-11-29 09:00:00
2017-11-29,9,fav,156,2017-11-29 09:00:00
2017-11-29,9,pv,4053,2017-11-29 09:00:00
2017-11-29,10,buy,89,2017-11-29 10:00:00
2017-11-29,10,cart,244,2017-11-29 10:00:00
2017-11-29,10,fav,144,2017-11-29 10:00:00
2017-11-29,10,pv,4641,2017-11-29 10:00:00
2017-11-29,11,buy,155,2017-11-29 11:00:00
2017-11-29,11,cart,352,2017-11-29 11:00:00
2017-11-29,11,fav,172,2017-11-29 11:00:00
2017-11-29,11,pv,6002,2017-11-29 11:00:00
2017-11-29,12,buy,150,2017-11-29 12:00:00
2017-11-29,12,cart,387,2017-11-29 12:00:00
2017-11-29,12,fav,185,2017-11-29 12:00:00
2017-11-29,12,pv,6848,2017-11-29 12:00:00
2017-11-29,13,buy,147,2017-11-29 13:00:00
2017-11-29,13,cart,490,2017-11-29 13:00:00
2017-11-29,13,fav,199,2017-11-29 13:00:00
2017-11-29,13,pv,7960,2017-11-29 13:00:00
2017-11-29,14,buy,162,2017-11-29 14:00:00
2017-11-29,14,cart,493,2017-11-29 14:00:00
2017-11-29,14,fav,251,2017-11-29 14:00:00
2017-11-29,14,pv,7649,2017-11-29 14:00:00
2017-11-29,15,buy,107,2017-11-29 15:00:00
2017-11-29,15,cart,433,2017-11-29 15:00:00
2017-11-29,15,fav,250,2017-11-29 15:00:00
2017-11-29,15,pv,5591,2017-11-29 15:00:00
2017-11-29,16,buy,51,2017-11-29 16:00:00
2017-11-29,16,cart,206,2017-11-29 16:00:00
2017-11-29,16,fav,111,2017-11-29 16:00:00
2017-11-29,16,pv,3182,2017-11-29 16:00:00
2017-11-29,17,buy,26,2017-11-29 17:00:00
2017-11-29,17,cart,93,2017-11-29 17:00:00
2017-11-29,17,fav,66,2017-11-29 17:00:00
2017-11-29,17,pv,1432,2017-11-29 17:00:00
2017-11-29,18,buy,16,2017-11-29 18:00:00
2017-11-29,18,cart,34,2017-11-29 18:00:00
2017-11-29,18,fav,12,2017-11-29 18:00:00
2017-11-29,18,pv,654,2017-11-29 18:00:00
2017-11-29,19,buy,8,2017-11-29 19:00:00
2017-11-29,19,cart,41,2017-11-29 19:00:00
2017-11-29,19,fav,20,2017-11-29 19:00:00
2017-11-29,19,pv,743,2017-11-29 19:00:00
2017-11-29,20,buy,13,2017-11-29 20:00:00
2017-11-29,20,cart,36,2017-11-29 20:00:00
2017-11-29,20,fav,23,2017-11-29 20:00:00
2017-11-29,20,pv,698,2017-11-29 20:00:00
2017-11-29,21,buy,5,2017-11-29 21:00:00
2017-11-29,21,cart,40,2017-11-29 21:00:00
2017-11-29,21,fav,19,2017-11-29 21:00:00
2017-11-29,21,pv,804,2017-11-29 21:00:00
2017-11-29,22,buy,22,2017-11-29 22:00:00
2017-11-29,22,cart,109,2017-11-29 22:00:00
2017-11-29,22,fav,74,2017-11-29 22:00:00
2017-11-29,22,pv,1533,2017-11-29 22:00:00
2017-11-29,23,buy,56,2017-11-29 23:00:00
2017-11-29,23,cart,137,2017-11-29 23:00:00
2017-11-29,23,fav,78,2017-11-29 23:00:00
2017-11-29,23,pv,2361,2017-11-29 23:00:00
2017-11-30,0,buy,70,2017-11-30 00:00:00
2017-11-30,0,cart,193,2017-11-30 00:00:00
2017-11-30,0,fav,104,2017-11-30 00:00:00
2017-11-30,0,pv,3219,2017-11-30 00:00:00
2017-11-30,1,buy,135,2017-11-30 01:00:00
2017-11-30,1,cart,263,2017-11-30 01:00:00
2017-11-30,1,fav,141,2017-11-30 01:00:00
2017-11-30,1,pv,4226,2017-11-30 01:00:00
2017-11-30,2,buy,162,2017-11-30 02:00:00
2017-11-30,2,cart,304,2017-11-30 02:00:00
2017-11-30,2,fav,153,2017-11-30 02:00:00
2017-11-30,2,pv,4973,2017-11-30 02:00:00
2017-11-30,3,buy,165,2017-11-30 03:00:00
2017-11-30,3,cart,260,2017-11-30 03:00:00
2017-11-30,3,fav,134,2017-11-30 03:00:00
2017-11-30,3,pv,4678,2017-11-30 03:00:00
2017-11-30,4,buy,147,2017-11-30 04:00:00
2017-11-30,4,cart,319,2017-11-30 04:00:00
2017-11-30,4,fav,157,2017-11-30 04:00:00
2017-11-30,4,pv,4886,2017-11-30 04:00:00
2017-11-30,5,buy,163,2017-11-30 05:00:00
2017-11-30,5,cart,321,2017-11-30 05:00:00
2017-11-30,5,fav,150,2017-11-30 05:00:00
2017-11-30,5,pv,5461,2017-11-30 05:00:00
2017-11-30,6,buy,144,2017-11-30 06:00:00
2017-11-30,6,cart,296,2017-11-30 06:00:00
2017-11-30,6,fav,155,2017-11-30 06:00:00
2017-11-30,6,pv,5559,2017-11-30 06:00:00
2017-11-30,7,buy,125,2017-11-30 07:00:00
2017-11-30,7,cart,302,2017-11-30 07:00:00
2017-11-30,7,fav,150,2017-11-30 07:00:00
2017-11-30,7,pv,5716,2017-11-30 07:00:00
2017-11-30,8,buy,151,2017-11-30 08:00:00
2017-11-30,8,cart,276,2017-11-30 08:00:00
2017-11-30,8,fav,156,2017-11-30 08:00:00
2017-11-30,8,pv,5155,2017-11-30 08:00:00
2017-11-30,9,buy,126,2017-11-30 09:00:00
2017-11-30,9,cart,248,2017-11-30 09:00:00
2017-11-30,9,fav,162,2017-11-30 09:00:00
2017-11-30,9,pv,4551,2017-11-30 09:00:00
2017-11-30,10,buy,110,2017-11-30 10:00:00
2017-11-30,10,cart,304,2017-11-30 10:00:00
2017-11-30,10,fav,125,2017-11-30 10:00:00
2017-11-30,10,pv,4805,2017-11-30 10:00:00
2017-11-30,11,buy,151,2017-11-30 11:00:00
2017-11-30,11,cart,348,2017-11-30 11:00:00
2017-11-30,11,fav,189,2017-11-30 11:00:00
2017-11-30,11,pv,5957,2017-11-30 11:00:00
2017-11-30,12,buy,170,2017-11-30 12:00:00
2017-11-30,12,cart,399,2017-11-30 12:00:00
2017-11-30,12,fav,189,2017-11-30 12:00:00
2017-11-30,12,pv,7312,2017-11-30 12:00:00
2017-11-30,13,buy,171,2017-11-30 13:00:00
2017-11-30,13,cart,529,2017-11-30 13:00:00
2017-11-30,13,fav,215,2017-11-30 13:00:00
2017-11-30,13,pv,8489,2017-11-30 13:00:00
2017-11-30,14,buy,172,2017-11-30 14:00:00
2017-11-30,14,cart,499,2017-11-30 14:00:00
2017-11-30,14,fav,294,2017-11-30 14:00:00
2017-11-30,14,pv,8288,2017-11-30 14:00:00
2017-11-30,15,buy,113,2017-11-30 15:00:00
2017-11-30,15,cart,424,2017-11-30 15:00:00
2017-11-30,15,fav,188,2017-11-30 15:00:00
2017-11-30,15,pv,6029,2017-11-30 15:00:00
2017-11-30,16,buy,46,2017-11-30 16:00:00
2017-11-30,16,cart,207,2017-11-30 16:00:00
2017-11-30,16,fav,110,2017-11-30 16:00:00
2017-11-30,16,pv,3034,2017-11-30 16:00:00
2017-11-30,17,buy,14,2017-11-30 17:00:00
2017-11-30,17,cart,87,2017-11-30 17:00:00
2017-11-30,17,fav,33,2017-11-30 17:00:00
2017-11-30,17,pv,1387,2017-11-30 17:00:00
2017-11-30,18,buy,15,2017-11-30 18:00:00
2017-11-30,18,cart,48,2017-11-30 18:00:00
2017-11-30,18,fav,38,2017-11-30 18:00:00
2017-11-30,18,pv,1131,2017-11-30 18:00:00
2017-11-30,19,buy,10,2017-11-30 19:00:00
2017-11-30,19,cart,45,2017-11-30 19:00:00
2017-11-30,19,fav,14,2017-11-30 19:00:00
2017-11-30,19,pv,574,2017-11-30 19:00:00
2017-11-30,20,buy,7,2017-11-30 20:00:00
2017-11-30,20,cart,29,2017-11-30 20:00:00
2017-11-30,20,fav,12,2017-11-30 20:00:00
2017-11-30,20,pv,489,2017-11-30 20:00:00
2017-11-30,21,buy,8,2017-11-30 21:00:00
2017-11-30,21,cart,60,2017-11-30 21:00:00
2017-11-30,21,fav,62,2017-11-30 21:00:00
2017-11-30,21,pv,665,2017-11-30 21:00:00
2017-11-30,22,buy,25,2017-11-30 22:00:00
2017-11-30,22,cart,102,2017-11-30 22:00:00
2017-11-30,22,fav,45,2017-11-30 22:00:00
2017-11-30,22,pv,1498,2017-11-30 22:00:00
2017-11-30,23,buy,43,2017-11-30 23:00:00
2017-11-30,23,cart,175,2017-11-30 23:00:00
2017-11-30,23,fav,63,2017-11-30 23:00:00
2017-11-30,23,pv,2537,2017-11-30 23:00:00
2017-12-01,0,buy,70,2017-12-01 00:00:00
2017-12-01,0,cart,218,2017-12-01 00:00:00
2017-12-01,0,fav,131,2017-12-01 00:00:00
2017-12-01,0,pv,3550,2017-12-01 00:00:00
2017-12-01,1,buy,114,2017-12-01 01:00:00
2017-12-01,1,cart,279,2017-12-01 01:00:00
2017-12-01,1,fav,117,2017-12-01 01:00:00
2017-12-01,1,pv,4177,2017-12-01 01:00:00
2017-12-01,2,buy,155,2017-12-01 02:00:00
2017-12-01,2,cart,340,2017-12-01 02:00:00
2017-12-01,2,fav,135,2017-12-01 02:00:00
2017-12-01,2,pv,4983,2017-12-01 02:00:00
2017-12-01,3,buy,139,2017-12-01 03:00:00
2017-12-01,3,cart,327,2017-12-01 03:00:00
2017-12-01,3,fav,148,2017-12-01 03:00:00
2017-12-01,3,pv,5047,2017-12-01 03:00:00
2017-12-01,4,buy,122,2017-12-01 04:00:00
2017-12-01,4,cart,287,2017-12-01 04:00:00
2017-12-01,4,fav,151,2017-12-01 04:00:00
2017-12-01,4,pv,5237,2017-12-01 04:00:00
2017-12-01,5,buy,171,2017-12-01 05:00:00
2017-12-01,5,cart,338,2017-12-01 05:00:00
2017-12-01,5,fav,206,2017-12-01 05:00:00
2017-12-01,5,pv,5912,2017-12-01 05:00:00
2017-12-01,6,buy,135,2017-12-01 06:00:00
2017-12-01,6,cart,298,2017-12-01 06:00:00
2017-12-01,6,fav,147,2017-12-01 06:00:00
2017-12-01,6,pv,5134,2017-12-01 06:00:00
2017-12-01,7,buy,132,2017-12-01 07:00:00
2017-12-01,7,cart,308,2017-12-01 07:00:00
2017-12-01,7,fav,175,2017-12-01 07:00:00
2017-12-01,7,pv,5403,2017-12-01 07:00:00
2017-12-01,8,buy,138,2017-12-01 08:00:00
2017-12-01,8,cart,341,2017-12-01 08:00:00
2017-12-01,8,fav,183,2017-12-01 08:00:00
2017-12-01,8,pv,5620,2017-12-01 08:00:00
2017-12-01,9,buy,143,2017-12-01 09:00:00
2017-12-01,9,cart,291,2017-12-01 09:00:00
2017-12-01,9,fav,182,2017-12-01 09:00:00
2017-12-01,9,pv,4884,2017-12-01 09:00:00
2017-12-01,10,buy,113,2017-12-01 10:00:00
2017-12-01,10,cart,242,2017-12-01 10:00:00
2017-12-01,10,fav,137,2017-12-01 10:00:00
2017-12-01,10,pv,4738,2017-12-01 10:00:00
2017-12-01,11,buy,139,2017-12-01 11:00:00
2017-12-01,11,cart,364,2017-12-01 11:00:00
2017-12-01,11,fav,143,2017-12-01 11:00:00
2017-12-01,11,pv,5853,2017-12-01 11:00:00
2017-12-01,12,buy,143,2017-12-01 12:00:00
2017-12-01,12,cart,463,2017-12-01 12:00:00
2017-12-01,12,fav,182,2017-12-01 12:00:00
2017-12-01,12,pv,7579,2017-12-01 12:00:00
2017-12-01,13,buy,146,2017-12-01 13:00:00
2017-12-01,13,cart,500,2017-12-01 13:00:00
2017-12-01,13,fav,271,2017-12-01 13:00:00
2017-12-01,13,pv,8736,2017-12-01 13:00:00
2017-12-01,14,buy,150,2017-12-01 14:00:00
2017-12-01,14,cart,565,2017-12-01 14:00:00
2017-12-01,14,fav,263,2017-12-01 14:00:00
2017-12-01,14,pv,8632,2017-12-01 14:00:00
2017-12-01,15,buy,106,2017-12-01 15:00:00
2017-12-01,15,cart,525,2017-12-01 15:00:00
2017-12-01,15,fav,246,2017-12-01 15:00:00
2017-12-01,15,pv,7120,2017-12-01 15:00:00
2017-12-01,16,buy,70,2017-12-01 16:00:00
2017-12-01,16,cart,279,2017-12-01 16:00:00
2017-12-01,16,fav,92,2017-12-01 16:00:00
2017-12-01,16,pv,4077,2017-12-01 16:00:00
2017-12-01,17,buy,28,2017-12-01 17:00:00
2017-12-01,17,cart,162,2017-12-01 17:00:00
2017-12-01,17,fav,67,2017-12-01 17:00:00
2017-12-01,17,pv,2224,2017-12-01 17:00:00
2017-12-01,18,buy,25,2017-12-01 18:00:00
2017-12-01,18,cart,89,2017-12-01 18:00:00
2017-12-01,18,fav,43,2017-12-01 18:00:00
2017-12-01,18,pv,1252,2017-12-01 18:00:00
2017-12-01,19,buy,6,2017-12-01 19:00:00
2017-12-01,19,cart,63,2017-12-01 19:00:00
2017-12-01,19,fav,19,2017-12-01 19:00:00
2017-12-01,19,pv,736,2017-12-01 19:00:00
2017-12-01,20,buy,6,2017-12-01 20:00:00
2017-12-01,20,cart,38,2017-12-01 20:00:00
2017-12-01,20,fav,22,2017-12-01 20:00:00
2017-12-01,20,pv,528,2017-12-01 20:00:00
2017-12-01,21,buy,11,2017-12-01 21:00:00
2017-12-01,21,cart,56,2017-12-01 21:00:00
2017-12-01,21,fav,18,2017-12-01 21:00:00
2017-12-01,21,pv,843,2017-12-01 21:00:00
2017-12-01,22,buy,17,2017-12-01 22:00:00
2017-12-01,22,cart,99,2017-12-01 22:00:00
2017-12-01,22,fav,57,2017-12-01 22:00:00
2017-12-01,22,pv,1281,2017-12-01 22:00:00
2017-12-01,23,buy,44,2017-12-01 23:00:00
2017-12-01,23,cart,230,2017-12-01 23:00:00
2017-12-01,23,fav,116,2017-12-01 23:00:00
2017-12-01,23,pv,3272,2017-12-01 23:00:00
2017-12-02,0,buy,60,2017-12-02 00:00:00
2017-12-02,0,cart,260,2017-12-02 00:00:00
2017-12-02,0,fav,140,2017-12-02 00:00:00
2017-12-02,0,pv,4438,2017-12-02 00:00:00
2017-12-02,1,buy,132,2017-12-02 01:00:00
2017-12-02,1,cart,368,2017-12-02 01:00:00
2017-12-02,1,fav,161,2017-12-02 01:00:00
2017-12-02,1,pv,5178,2017-12-02 01:00:00
2017-12-02,2,buy,167,2017-12-02 02:00:00
2017-12-02,2,cart,384,2017-12-02 02:00:00
2017-12-02,2,fav,197,2017-12-02 02:00:00
2017-12-02,2,pv,6193,2017-12-02 02:00:00
2017-12-02,3,buy,170,2017-12-02 03:00:00
2017-12-02,3,cart,413,2017-12-02 03:00:00
2017-12-02,3,fav,196,2017-12-02 03:00:00
2017-12-02,3,pv,6354,2017-12-02 03:00:00
2017-12-02,4,buy,151,2017-12-02 04:00:00
2017-12-02,4,cart,335,2017-12-02 04:00:00
2017-12-02,4,fav,172,2017-12-02 04:00:00
2017-12-02,4,pv,5851,2017-12-02 04:00:00
2017-12-02,5,buy,145,2017-12-02 05:00:00
2017-12-02,5,cart,353,2017-12-02 05:00:00
2017-12-02,5,fav,249,2017-12-02 05:00:00
2017-12-02,5,pv,6351,2017-12-02 05:00:00
2017-12-02,6,buy,162,2017-12-02 06:00:00
2017-12-02,6,cart,399,2017-12-02 06:00:00
2017-12-02,6,fav,193,2017-12-02 06:00:00
2017-12-02,6,pv,6104,2017-12-02 06:00:00
2017-12-02,7,buy,145,2017-12-02 07:00:00
2017-12-02,7,cart,387,2017-12-02 07:00:00
2017-12-02,7,fav,182,2017-12-02 07:00:00
2017-12-02,7,pv,6785,2017-12-02 07:00:00
2017-12-02,8,buy,152,2017-12-02 08:00:00
2017-12-02,8,cart,426,2017-12-02 08:00:00
2017-12-02,8,fav,205,2017-12-02 08:00:00
2017-12-02,8,pv,6898,2017-12-02 08:00:00
2017-12-02,9,buy,166,2017-12-02 09:00:00
2017-12-02,9,cart,376,2017-12-02 09:00:00
2017-12-02,9,fav,203,2017-12-02 09:00:00
2017-12-02,9,pv,5820,2017-12-02 09:00:00
2017-12-02,10,buy,133,2017-12-02 10:00:00
2017-12-02,10,cart,401,2017-12-02 10:00:00
2017-12-02,10,fav,213,2017-12-02 10:00:00
2017-12-02,10,pv,6344,2017-12-02 10:00:00
2017-12-02,11,buy,155,2017-12-02 11:00:00
2017-12-02,11,cart,528,2017-12-02 11:00:00
2017-12-02,11,fav,248,2017-12-02 11:00:00
2017-12-02,11,pv,8353,2017-12-02 11:00:00
2017-12-02,12,buy,177,2017-12-02 12:00:00
2017-12-02,12,cart,582,2017-12-02 12:00:00
2017-12-02,12,fav,313,2017-12-02 12:00:00
2017-12-02,12,pv,9501,2017-12-02 12:00:00
2017-12-02,13,buy,209,2017-12-02 13:00:00
2017-12-02,13,cart,707,2017-12-02 13:00:00
2017-12-02,13,fav,278,2017-12-02 13:00:00
2017-12-02,13,pv,11729,2017-12-02 13:00:00
2017-12-02,14,buy,206,2017-12-02 14:00:00
2017-12-02,14,cart,762,2017-12-02 14:00:00
2017-12-02,14,fav,434,2017-12-02 14:00:00
2017-12-02,14,pv,12114,2017-12-02 14:00:00
2017-12-02,15,buy,149,2017-12-02 15:00:00
2017-12-02,15,cart,618,2017-12-02 15:00:00
2017-12-02,15,fav,330,2017-12-02 15:00:00
2017-12-02,15,pv,8968,2017-12-02 15:00:00
2017-12-02,16,buy,79,2017-12-02 16:00:00
2017-12-02,16,cart,338,2017-12-02 16:00:00
2017-12-02,16,fav,182,2017-12-02 16:00:00
2017-12-02,16,pv,5356,2017-12-02 16:00:00
2017-12-02,17,buy,38,2017-12-02 17:00:00
2017-12-02,17,cart,194,2017-12-02 17:00:00
2017-12-02,17,fav,59,2017-12-02 17:00:00
2017-12-02,17,pv,2362,2017-12-02 17:00:00
2017-12-02,18,buy,23,2017-12-02 18:00:00
2017-12-02,18,cart,90,2017-12-02 18:00:00
2017-12-02,18,fav,25,2017-12-02 18:00:00
2017-12-02,18,pv,1290,2017-12-02 18:00:00
2017-12-02,19,buy,6,2017-12-02 19:00:00
2017-12-02,19,cart,50,2017-12-02 19:00:00
2017-12-02,19,fav,32,2017-12-02 19:00:00
2017-12-02,19,pv,853,2017-12-02 19:00:00
2017-12-02,20,buy,6,2017-12-02 20:00:00
2017-12-02,20,cart,32,2017-12-02 20:00:00
2017-12-02,20,fav,21,2017-12-02 20:00:00
2017-12-02,20,pv,733,2017-12-02 20:00:00
2017-12-02,21,buy,13,2017-12-02 21:00:00
2017-12-02,21,cart,42,2017-12-02 21:00:00
2017-12-02,21,fav,22,2017-12-02 21:00:00
2017-12-02,21,pv,802,2017-12-02 21:00:00
2017-12-02,22,buy,19,2017-12-02 22:00:00
2017-12-02,22,cart,89,2017-12-02 22:00:00
2017-12-02,22,fav,69,2017-12-02 22:00:00
2017-12-02,22,pv,1557,2017-12-02 22:00:00
2017-12-02,23,buy,45,2017-12-02 23:00:00
2017-12-02,23,cart,214,2017-12-02 23:00:00
2017-12-02,23,fav,55,2017-12-02 23:00:00
2017-12-02,23,pv,3071,2017-12-02 23:00:00
2017-12-03,0,buy,96,2017-12-03 00:00:00
2017-12-03,0,cart,341,2017-12-03 00:00:00
2017-12-03,0,fav,143,2017-12-03 00:00:00
2017-12-03,0,pv,4500,2017-12-03 00:00:00
2017-12-03,1,buy,148,2017-12-03 01:00:00
2017-12-03,1,cart,309,2017-12-03 01:00:00
2017-12-03,1,fav,215,2017-12-03 01:00:00
2017-12-03,1,pv,5348,2017-12-03 01:00:00
2017-12-03,2,buy,197,2017-12-03 02:00:00
2017-12-03,2,cart,390,2017-12-03 02:00:00
2017-12-03,2,fav,196,2017-12-03 02:00:00
2017-12-03,2,pv,6027,2017-12-03 02:00:00
2017-12-03,3,buy,192,2017-12-03 03:00:00
2017-12-03,3,cart,427,2017-12-03 03:00:00
2017-12-03,3,fav,199,2017-12-03 03:00:00
2017-12-03,3,pv,6316,2017-12-03 03:00:00
2017-12-03,4,buy,195,2017-12-03 04:00:00
2017-12-03,4,cart,376,2017-12-03 04:00:00
2017-12-03,4,fav,196,2017-12-03 04:00:00
2017-12-03,4,pv,6199,2017-12-03 04:00:00
2017-12-03,5,buy,174,2017-12-03 05:00:00
2017-12-03,5,cart,384,2017-12-03 05:00:00
2017-12-03,5,fav,189,2017-12-03 05:00:00
2017-12-03,5,pv,6573,2017-12-03 05:00:00
2017-12-03,6,buy,166,2017-12-03 06:00:00
2017-12-03,6,cart,390,2017-12-03 06:00:00
2017-12-03,6,fav,235,2017-12-03 06:00:00
2017-12-03,6,pv,6786,2017-12-03 06:00:00
2017-12-03,7,buy,167,2017-12-03 07:00:00
2017-12-03,7,cart,401,2017-12-03 07:00:00
2017-12-03,7,fav,222,2017-12-03 07:00:00
2017-12-03,7,pv,6708,2017-12-03 07:00:00
2017-12-03,8,buy,167,2017-12-03 08:00:00
2017-12-03,8,cart,458,2017-12-03 08:00:00
2017-12-03,8,fav,223,2017-12-03 08:00:00
2017-12-03,8,pv,7198,2017-12-03 08:00:00
2017-12-03,9,buy,130,2017-12-03 09:00:00
2017-12-03,9,cart,382,2017-12-03 09:00:00
2017-12-03,9,fav,211,2017-12-03 09:00:00
2017-12-03,9,pv,6147,2017-12-03 09:00:00
2017-12-03,10,buy,141,2017-12-03 10:00:00
2017-12-03,10,cart,372,2017-12-03 10:00:00
2017-12-03,10,fav,188,2017-12-03 10:00:00
2017-12-03,10,pv,6460,2017-12-03 10:00:00
2017-12-03,11,buy,147,2017-12-03 11:00:00
2017-12-03,11,cart,484,2017-12-03 11:00:00
2017-12-03,11,fav,213,2017-12-03 11:00:00
2017-12-03,11,pv,7863,2017-12-03 11:00:00
2017-12-03,12,buy,172,2017-12-03 12:00:00
2017-12-03,12,cart,569,2017-12-03 12:00:00
2017-12-03,12,fav,290,2017-12-03 12:00:00
2017-12-03,12,pv,9077,2017-12-03 12:00:00
2017-12-03,13,buy,158,2017-12-03 13:00:00
2017-12-03,13,cart,648,2017-12-03 13:00:00
2017-12-03,13,fav,360,2017-12-03 13:00:00
2017-12-03,13,pv,11089,2017-12-03 13:00:00
2017-12-03,14,buy,165,2017-12-03 14:00:00
2017-12-03,14,cart,747,2017-12-03 14:00:00
2017-12-03,14,fav,284,2017-12-03 14:00:00
2017-12-03,14,pv,10568,2017-12-03 14:00:00
2017-12-03,15,buy,134,2017-12-03 15:00:00
2017-12-03,15,cart,532,2017-12-03 15:00:00
2017-12-03,15,fav,235,2017-12-03 15:00:00
2017-12-03,15,pv,7765,2017-12-03 15:00:00
2017-12-03,16,pv,1,2017-12-03 16:00:00
2018-08-28,0,pv,12,2018-08-28 00:00:00
2018-08-28,10,pv,4,2018-08-28 10:00:00
